{
  "ts": 1784356292.9565117,
  "progress": 65,
  "finished": 12,
  "failed": 0,
  "n": 32,
  "speed_mib": 0.4992737010748129,
  "disk_gb": 74.50311083905399,
  "extracting": false,
  "extracted": false,
  "download_dir": "C:\\Games\\Forza Horizon 6\\Pixeldrain"
}